Configuration,Language,File Path,Successfully Extracted,Failure Reason
.github/workflows/codeql.yml:analyze/language:python,Python,tests/server/test_phase41_cryovant_middleware_spa.py,true,""
.github/workflows/codeql.yml:analyze/language:python,Python,tests/test_founders_law_v2.py,true,""
.github/workflows/codeql.yml:analyze/language:python,Python,runtime/market/__init__.py,true,""
.github/workflows/codeql.yml:analyze/language:python,Python,runtime/metrics_analysis.py,true,""
.github/workflows/codeql.yml:analyze/language:python,Python,runtime/governance/federation/protocol.py,true,""
.github/workflows/codeql.yml:analyze/language:python,Python,runtime/governance/branch_manager.py,true,""
.github/workflows/codeql.yml:analyze/language:python,Python,scripts/tier0_remediation.py,true,""
.github/workflows/codeql.yml:analyze/language:python,Python,app/api/nexus/mutate.py,true,""
.github/workflows/codeql.yml:analyze/language:python,Python,tests/governance/test_mutation_ledger_verification.py,true,""
.github/workflows/codeql.yml:analyze/language:python,Python,runtime/evolution/evolution_kernel.py,true,""
.github/workflows/codeql.yml:analyze/language:python,Python,runtime/governance/decision_contract.py,true,""
.github/workflows/codeql.yml:analyze/language:python,Python,runtime/governance/constitutional_amendment.py,true,""
.github/workflows/codeql.yml:analyze/language:python,Python,runtime/memory/__init__.py,true,""
.github/workflows/codeql.yml:analyze/language:python,Python,runtime/autonomy/ai_mutation_proposer.py,true,""
.github/workflows/codeql.yml:analyze/language:python,Python,archives/adad_core/io/atomic.py,true,""
.github/workflows/codeql.yml:analyze/language:python,Python,tests/test_proposal_transport_adapter.py,true,""
.github/workflows/codeql.yml:analyze/language:python,Python,tests/test_app_main_refactor_characterization.py,true,""
.github/workflows/codeql.yml:analyze/language:python,Python,tests/test_mutation_route_optimizer.py,true,""
.github/workflows/codeql.yml:analyze/language:python,Python,tests/test_aponi_governance_intelligence.py,true,""
.github/workflows/codeql.yml:analyze/language:python,Python,tests/scripts/test_run_tier0_preflight.py,true,""
.github/workflows/codeql.yml:analyze/language:python,Python,runtime/evolution/change_classifier.py,true,""
.github/workflows/codeql.yml:analyze/language:python,Python,runtime/intelligence/proposal.py,true,""
.github/workflows/codeql.yml:analyze/language:python,Python,tests/test_resource_bounds.py,true,""
.github/workflows/codeql.yml:analyze/language:python,Python,tests/test_manifest_outputs.py,true,""
.github/workflows/codeql.yml:analyze/language:python,Python,tests/server/test_phase42_defect_sweep.py,true,""
.github/workflows/codeql.yml:analyze/language:python,Python,tests/test_phase21_core_loop_closure.py,true,""
.github/workflows/codeql.yml:analyze/language:python,Python,tests/autonomy/test_agent_bandit_selector.py,true,""
.github/workflows/codeql.yml:analyze/language:python,Python,tests/test_promotion_policy.py,true,""
.github/workflows/codeql.yml:analyze/language:python,Python,runtime/recovery/__init__.py,true,""
.github/workflows/codeql.yml:analyze/language:python,Python,ui/features/timeline.py,true,""
.github/workflows/codeql.yml:analyze/language:python,Python,tests/test_fast_path_scorer.py,true,""
.github/workflows/codeql.yml:analyze/language:python,Python,tests/governance/signals/test_constitution_policy_signals.py,true,""
.github/workflows/codeql.yml:analyze/language:python,Python,tests/test_fitness_landscape.py,true,""
.github/workflows/codeql.yml:analyze/language:python,Python,runtime/governance/founders_law_v2.py,true,""
.github/workflows/codeql.yml:analyze/language:python,Python,runtime/platform/storage_manager.py,true,""
.github/workflows/codeql.yml:analyze/language:python,Python,runtime/intelligence/planning.py,true,""
.github/workflows/codeql.yml:analyze/language:python,Python,runtime/__init__.py,true,""
.github/workflows/codeql.yml:analyze/language:python,Python,tests/evolution/test_replay_version_validator.py,true,""
.github/workflows/codeql.yml:analyze/language:python,Python,tests/governance/test_governance_health_endpoint.py,true,""
.github/workflows/codeql.yml:analyze/language:python,Python,runtime/evolution/scoring_algorithm.py,true,""
.github/workflows/codeql.yml:analyze/language:python,Python,runtime/governance/federation/coherence_validator.py,true,""
.github/workflows/codeql.yml:analyze/language:python,Python,runtime/governance/__init__.py,true,""
.github/workflows/codeql.yml:analyze/language:python,Python,runtime/api/app_layer.py,true,""
.github/workflows/codeql.yml:analyze/language:python,Python,runtime/intelligence/strategy.py,true,""
.github/workflows/codeql.yml:analyze/language:python,Python,governance/__init__.py,true,""
.github/workflows/codeql.yml:analyze/language:python,Python,memory/__init__.py,true,""
.github/workflows/codeql.yml:analyze/language:python,Python,tests/governance/test_simulation_dsl.py,true,""
.github/workflows/codeql.yml:analyze/language:python,Python,tests/autonomy/__init__.py,true,""
.github/workflows/codeql.yml:analyze/language:python,Python,tests/state/test_migration.py,true,""
.github/workflows/codeql.yml:analyze/language:python,Python,runtime/state/registry_store.py,true,""
.github/workflows/codeql.yml:analyze/language:python,Python,runtime/evolution/event_signing.py,true,""
.github/workflows/codeql.yml:analyze/language:python,Python,runtime/governance/policy_lifecycle.py,true,""
.github/workflows/codeql.yml:analyze/language:python,Python,runtime/governance/mutation_ledger.py,true,""
.github/workflows/codeql.yml:analyze/language:python,Python,tests/test_governance_surface.py,true,""
.github/workflows/codeql.yml:analyze/language:python,Python,tests/evolution/test_fitness_orchestrator.py,true,""
.github/workflows/codeql.yml:analyze/language:python,Python,runtime/boot/preflight.py,true,""
.github/workflows/codeql.yml:analyze/language:python,Python,runtime/evolution/mutation_budget_manager.py,true,""
.github/workflows/codeql.yml:analyze/language:python,Python,runtime/mcp/linting_bridge.py,true,""
.github/workflows/codeql.yml:analyze/language:python,Python,runtime/governance/federation/manifest.py,true,""
.github/workflows/codeql.yml:analyze/language:python,Python,runtime/governance/policy_adapter.py,true,""
.github/workflows/codeql.yml:analyze/language:python,Python,runtime/governance/admission_band_enforcer.py,true,""
.github/workflows/codeql.yml:analyze/language:python,Python,tests/test_review_pressure_endpoint.py,true,""
.github/workflows/codeql.yml:analyze/language:python,Python,tests/governance/federation/test_federation_transport_trusted_keys.py,true,""
.github/workflows/codeql.yml:analyze/language:python,Python,tests/test_router_signal_wire_phase18.py,true,""
.github/workflows/codeql.yml:analyze/language:python,Python,runtime/analysis/adversarial_scenario_harness.py,true,""
.github/workflows/codeql.yml:analyze/language:python,Python,runtime/autonomy/non_stationarity_detector.py,true,""
.github/workflows/codeql.yml:analyze/language:python,Python,runtime/autonomy/bandit_selector.py,true,""
.github/workflows/codeql.yml:analyze/language:python,Python,runtime/autonomy/loop.py,true,""
.github/workflows/codeql.yml:analyze/language:python,Python,tests/test_reviewer_reputation_ledger_endpoint.py,true,""
.github/workflows/codeql.yml:analyze/language:python,Python,tests/market/test_federated_signal_broker.py,true,""
.github/workflows/codeql.yml:analyze/language:python,Python,tests/evolution/test_fitness_regression.py,true,""
.github/workflows/codeql.yml:analyze/language:python,Python,tests/governance/test_policy_validator.py,true,""
.github/workflows/codeql.yml:analyze/language:python,Python,tests/test_agent_contract.py,true,""
.github/workflows/codeql.yml:analyze/language:python,Python,runtime/evolution/scoring.py,true,""
.github/workflows/codeql.yml:analyze/language:python,Python,runtime/governance/mutation_risk_scorer.py,true,""
.github/workflows/codeql.yml:analyze/language:python,Python,runtime/autonomy/roadmap_amendment_engine.py,true,""
.github/workflows/codeql.yml:analyze/language:python,Python,scripts/pr_rule_checklist.py,true,""
.github/workflows/codeql.yml:analyze/language:python,Python,tests/test_aponi_dashboard_e2e.py,true,""
.github/workflows/codeql.yml:analyze/language:python,Python,tests/test_entropy_discipline_replay.py,true,""
.github/workflows/codeql.yml:analyze/language:python,Python,tests/sandbox/test_sandbox_hardening.py,true,""
.github/workflows/codeql.yml:analyze/language:python,Python,runtime/evolution/adversarial_fitness.py,true,""
.github/workflows/codeql.yml:analyze/language:python,Python,runtime/evolution/fitness_regression.py,true,""
.github/workflows/codeql.yml:analyze/language:python,Python,runtime/intelligence/__init__.py,true,""
.github/workflows/codeql.yml:analyze/language:python,Python,archives/backend/server.py,true,""
.github/workflows/codeql.yml:analyze/language:python,Python,app/dream_mode.py,true,""
.github/workflows/codeql.yml:analyze/language:python,Python,tests/determinism/test_runtime_provider_injection.py,true,""
.github/workflows/codeql.yml:analyze/language:python,Python,tests/governance/test_canon_law_enforcement.py,true,""
.github/workflows/codeql.yml:analyze/language:python,Python,tests/test_base_agent.py,true,""
.github/workflows/codeql.yml:analyze/language:python,Python,runtime/metrics.py,true,""
.github/workflows/codeql.yml:analyze/language:python,Python,tests/security/test_challenge_store_concurrency.py,true,""
.github/workflows/codeql.yml:analyze/language:python,Python,runtime/evolution/governor.py,true,""
.github/workflows/codeql.yml:analyze/language:python,Python,runtime/mcp/proposal_validator.py,true,""
.github/workflows/codeql.yml:analyze/language:python,Python,runtime/governance/federation/consensus.py,true,""
.github/workflows/codeql.yml:analyze/language:python,Python,runtime/manifest/generator.py,true,""
.github/workflows/codeql.yml:analyze/language:python,Python,adaad/agents/mutation_engine.py,true,""
.github/workflows/codeql.yml:analyze/language:python,Python,scripts/validate_key_rotation_attestation.py,true,""
.github/workflows/codeql.yml:analyze/language:python,Python,scripts/validate_license_compliance.py,true,""
.github/workflows/codeql.yml:analyze/language:python,Python,tests/test_strategy_taxonomy_phase16.py,true,""
.github/workflows/codeql.yml:analyze/language:python,Python,tests/governance/test_review_quality.py,true,""
.github/workflows/codeql.yml:analyze/language:python,Python,tests/governance/inviolability/test_constitution_policy_inviolability.py,true,""
.github/workflows/codeql.yml:analyze/language:python,Python,tests/test_architect_governor_auth.py,true,""
.github/workflows/codeql.yml:analyze/language:python,Python,tests/test_capability_dependency.py,true,""
.github/workflows/codeql.yml:analyze/language:python,Python,tests/integration/test_simulate_governance_harness_integration.py,true,""
.github/workflows/codeql.yml:analyze/language:python,Python,security/ledger/lineage_v2.py,true,""
.github/workflows/codeql.yml:analyze/language:python,Python,app/mutation_cycle.py,true,""
.github/workflows/codeql.yml:analyze/language:python,Python,tests/test_fix_import_boundaries.py,true,""
.github/workflows/codeql.yml:analyze/language:python,Python,tools/error_dictionary.py,true,""
.github/workflows/codeql.yml:analyze/language:python,Python,runtime/evolution/promotion_policy.py,true,""
.github/workflows/codeql.yml:analyze/language:python,Python,runtime/governance/instability_calculator.py,true,""
.github/workflows/codeql.yml:analyze/language:python,Python,runtime/manifest/__init__.py,true,""
.github/workflows/codeql.yml:analyze/language:python,Python,runtime/intelligence/llm_provider.py,true,""
.github/workflows/codeql.yml:analyze/language:python,Python,tests/determinism/test_concurrent_replay.py,true,""
.github/workflows/codeql.yml:analyze/language:python,Python,app/orchestration/mutation_orchestration_service.py,true,""
.github/workflows/codeql.yml:analyze/language:python,Python,tests/test_gatekeeper_protocol.py,true,""
.github/workflows/codeql.yml:analyze/language:python,Python,tests/generated/test_generated_artifacts.py,true,""
.github/workflows/codeql.yml:analyze/language:python,Python,tests/endpoints/test_aponi_endpoint_contracts.py,true,""
.github/workflows/codeql.yml:analyze/language:python,Python,tests/test_key_rotation_attestation.py,true,""
.github/workflows/codeql.yml:analyze/language:python,Python,runtime/constants.py,true,""
.github/workflows/codeql.yml:analyze/language:python,Python,adaad/__init__.py,true,""
.github/workflows/codeql.yml:analyze/language:python,Python,tests/test_boot_preflight_artifact_verification.py,true,""
.github/workflows/codeql.yml:analyze/language:python,Python,tests/test_federated_evidence_matrix.py,true,""
.github/workflows/codeql.yml:analyze/language:python,Python,tests/test_metrics_tail_streaming.py,true,""
.github/workflows/codeql.yml:analyze/language:python,Python,runtime/governance/certifier_scan_ledger.py,true,""
.github/workflows/codeql.yml:analyze/language:python,Python,governance/foundation/determinism.py,true,""
.github/workflows/codeql.yml:analyze/language:python,Python,adaad/tools/tool_template.py,true,""
.github/workflows/codeql.yml:analyze/language:python,Python,tests/governance/test_promote_restriction.py,true,""
.github/workflows/codeql.yml:analyze/language:python,Python,tests/autonomy/test_roadmap_amendment_engine.py,true,""
.github/workflows/codeql.yml:analyze/language:python,Python,tests/state/test_registry_store.py,true,""
.github/workflows/codeql.yml:analyze/language:python,Python,runtime/evolution/goal_graph.py,true,""
.github/workflows/codeql.yml:analyze/language:python,Python,runtime/governance/response_schema_validator.py,true,""
.github/workflows/codeql.yml:analyze/language:python,Python,runtime/governance/parallel_gate.py,true,""
.github/workflows/codeql.yml:analyze/language:python,Python,runtime/governance/coverage_reporter.py,true,""
.github/workflows/codeql.yml:analyze/language:python,Python,runtime/memory/soulbound_key.py,true,""
.github/workflows/codeql.yml:analyze/language:python,Python,archives/tests/conftest.py,true,""
.github/workflows/codeql.yml:analyze/language:python,Python,tests/test_bandit_selector.py,true,""
.github/workflows/codeql.yml:analyze/language:python,Python,tests/test_market_ingestion.py,true,""
.github/workflows/codeql.yml:analyze/language:python,Python,tests/test_container_orchestrator.py,true,""
.github/workflows/codeql.yml:analyze/language:python,Python,tests/test_simulation_endpoints.py,true,""
.github/workflows/codeql.yml:analyze/language:python,Python,tests/test_report_versioning.py,true,""
.github/workflows/codeql.yml:analyze/language:python,Python,tools/run_adversarial_scenario_harness.py,true,""
.github/workflows/codeql.yml:analyze/language:python,Python,runtime/platform/__init__.py,true,""
.github/workflows/codeql.yml:analyze/language:python,Python,tests/market/test_feed_registry.py,true,""
.github/workflows/codeql.yml:analyze/language:python,Python,archives/adad_core/evolve/selector.py,true,""
.github/workflows/codeql.yml:analyze/language:python,Python,tests/governance/contracts/test_governance_simulation_harness.py,true,""
.github/workflows/codeql.yml:analyze/language:python,Python,tests/memory/__init__.py,true,""
.github/workflows/codeql.yml:analyze/language:python,Python,tests/memory/test_context_replay_digest_verify.py,true,""
.github/workflows/codeql.yml:analyze/language:python,Python,tests/test_test_sandbox.py,true,""
.github/workflows/codeql.yml:analyze/language:python,Python,runtime/evolution/replay_attestation.py,true,""
.github/workflows/codeql.yml:analyze/language:python,Python,runtime/memory/craft_pattern_extractor.py,true,""
.github/workflows/codeql.yml:analyze/language:python,Python,scripts/check_release_contents.py,true,""
.github/workflows/codeql.yml:analyze/language:python,Python,tests/test_planning_module.py,true,""
.github/workflows/codeql.yml:analyze/language:python,Python,tests/evolution/test_checkpoint_integration.py,true,""
.github/workflows/codeql.yml:analyze/language:python,Python,tests/governance/test_policy_adapter_runtime.py,true,""
.github/workflows/codeql.yml:analyze/language:python,Python,tests/governance/test_ledger_append.py,true,""
.github/workflows/codeql.yml:analyze/language:python,Python,tests/test_gate_decisions_endpoint.py,true,""
.github/workflows/codeql.yml:analyze/language:python,Python,runtime/intake/__init__.py,true,""
.github/workflows/codeql.yml:analyze/language:python,Python,runtime/sandbox/evidence.py,true,""
.github/workflows/codeql.yml:analyze/language:python,Python,memory/versionedstore.py,true,""
.github/workflows/codeql.yml:analyze/language:python,Python,tests/intake/test_stage_branch_creator.py,true,""
.github/workflows/codeql.yml:analyze/language:python,Python,tests/runtime/test_tool_execution_contract.py,true,""
.github/workflows/codeql.yml:analyze/language:python,Python,tests/test_server_ui_resolution.py,true,""
.github/workflows/codeql.yml:analyze/language:python,Python,tests/test_intelligence_strategy.py,true,""
.github/workflows/codeql.yml:analyze/language:python,Python,tests/governance/test_certifier_security_scan.py,true,""
.github/workflows/codeql.yml:analyze/language:python,Python,tests/test_lineage_v2_integrity.py,true,""
.github/workflows/codeql.yml:analyze/language:python,Python,tests/memory/test_pr10_01.py,true,""
.github/workflows/codeql.yml:analyze/language:python,Python,tests/test_evolution_loop.py,true,""
.github/workflows/codeql.yml:analyze/language:python,Python,tests/governance/test_enforcement_verdict_audit.py,true,""
.github/workflows/codeql.yml:analyze/language:python,Python,tests/memory/test_pr9_01.py,true,""
.github/workflows/codeql.yml:analyze/language:python,Python,tests/test_mutation_rate.py,true,""
.github/workflows/codeql.yml:analyze/language:python,Python,runtime/sandbox/container_orchestrator.py,true,""
.github/workflows/codeql.yml:analyze/language:python,Python,runtime/evolution/lineage_v2.py,true,""
.github/workflows/codeql.yml:analyze/language:python,Python,runtime/evolution/entropy_policy.py,true,""
.github/workflows/codeql.yml:analyze/language:python,Python,runtime/governance/gate.py,true,""
.github/workflows/codeql.yml:analyze/language:python,Python,archives/adad_core/evolve/__init__.py,true,""
.github/workflows/codeql.yml:analyze/language:python,Python,tests/determinism/test_replay_attestation_determinism.py,true,""
.github/workflows/codeql.yml:analyze/language:python,Python,tests/market/__init__.py,true,""
.github/workflows/codeql.yml:analyze/language:python,Python,tests/test_phase57_proposal_engine_autoprovision.py,true,""
.github/workflows/codeql.yml:analyze/language:python,Python,tests/test_analytics_endpoints.py,true,""
.github/workflows/codeql.yml:analyze/language:python,Python,tests/test_fitness_pipeline.py,true,""
.github/workflows/codeql.yml:analyze/language:python,Python,runtime/evolution/budget/__init__.py,true,""
.github/workflows/codeql.yml:analyze/language:python,Python,runtime/governance/foundation/determinism.py,true,""
.github/workflows/codeql.yml:analyze/language:python,Python,tests/test_economic_fitness.py,true,""
.github/workflows/codeql.yml:analyze/language:python,Python,tests/test_aponi_port_resolution.py,true,""
.github/workflows/codeql.yml:analyze/language:python,Python,tests/test_autonomy_loop_persistent_router_phase19.py,true,""
.github/workflows/codeql.yml:analyze/language:python,Python,tests/__init__.py,true,""
.github/workflows/codeql.yml:analyze/language:python,Python,runtime/market/market_fitness_integrator.py,true,""
.github/workflows/codeql.yml:analyze/language:python,Python,runtime/mutation/__init__.py,true,""
.github/workflows/codeql.yml:analyze/language:python,Python,runtime/governance_surface.py,true,""
.github/workflows/codeql.yml:analyze/language:python,Python,runtime/mutation_lifecycle.py,true,""
.github/workflows/codeql.yml:analyze/language:python,Python,tests/test_cryovant_strict_env_rejection.py,true,""
.github/workflows/codeql.yml:analyze/language:python,Python,security/promotion_manifests/__init__.py,true,""
.github/workflows/codeql.yml:analyze/language:python,Python,tests/test_intelligence_router.py,true,""
.github/workflows/codeql.yml:analyze/language:python,Python,runtime/intake/intake_schema.py,true,""
.github/workflows/codeql.yml:analyze/language:python,Python,runtime/evolution/mutation_operator_framework.py,true,""
.github/workflows/codeql.yml:analyze/language:python,Python,runtime/test_sandbox.py,true,""
.github/workflows/codeql.yml:analyze/language:python,Python,runtime/mutation/code_intel/__init__.py,true,""
.github/workflows/codeql.yml:analyze/language:python,Python,governance/foundation/canonical.py,true,""
.github/workflows/codeql.yml:analyze/language:python,Python,tests/test_legitimacy.py,true,""
.github/workflows/codeql.yml:analyze/language:python,Python,tests/test_cross_node_budget_arbitrator.py,true,""
.github/workflows/codeql.yml:analyze/language:python,Python,tests/test_cryovant_token_expiry.py,true,""
.github/workflows/codeql.yml:analyze/language:python,Python,runtime/sandbox/environment_snapshot.py,true,""
.github/workflows/codeql.yml:analyze/language:python,Python,runtime/governance/threat_monitor.py,true,""
.github/workflows/codeql.yml:analyze/language:python,Python,runtime/api/mutation.py,true,""
.github/workflows/codeql.yml:analyze/language:python,Python,runtime/memory/context_replay_interface.py,true,""
.github/workflows/codeql.yml:analyze/language:python,Python,runtime/autonomy/learning_signal_extractor.py,true,""
.github/workflows/codeql.yml:analyze/language:python,Python,scripts/run_release_benchmarks.py,true,""
.github/workflows/codeql.yml:analyze/language:python,Python,tests/governance/test_admission_audit_ledger.py,true,""
.github/workflows/codeql.yml:analyze/language:python,Python,tests/test_mutation_rate_rule.py,true,""
.github/workflows/codeql.yml:analyze/language:python,Python,runtime/market/federated_signal_broker.py,true,""
.github/workflows/codeql.yml:analyze/language:python,Python,runtime/evolution/budget/pool.py,true,""
.github/workflows/codeql.yml:analyze/language:python,Python,runtime/legitimacy.py,true,""
.github/workflows/codeql.yml:analyze/language:python,Python,governance/mutation_ledger.py,true,""
.github/workflows/codeql.yml:analyze/language:python,Python,archives/scripts/sync_github.py,true,""
.github/workflows/codeql.yml:analyze/language:python,Python,tests/test_constitution_policy.py,true,""
.github/workflows/codeql.yml:analyze/language:python,Python,tests/evolution/test_entropy_telemetry.py,true,""
.github/workflows/codeql.yml:analyze/language:python,Python,tests/test_parallel_gate_api.py,true,""
.github/workflows/codeql.yml:analyze/language:python,Python,tests/test_mutation_credit_ledger.py,true,""
.github/workflows/codeql.yml:analyze/language:python,Python,tests/test_server_audit_endpoints.py,true,""
.github/workflows/codeql.yml:analyze/language:python,Python,tests/sandbox/test_sandbox_manifest_policy.py,true,""
.github/workflows/codeql.yml:analyze/language:python,Python,runtime/sandbox/replay.py,true,""
.github/workflows/codeql.yml:analyze/language:python,Python,scripts/run_simulation_runner.py,true,""
.github/workflows/codeql.yml:analyze/language:python,Python,tests/governance/test_amendment_engine.py,true,""
.github/workflows/codeql.yml:analyze/language:python,Python,runtime/evolution/baseline.py,true,""
.github/workflows/codeql.yml:analyze/language:python,Python,runtime/evolution/entropy_forecast.py,true,""
.github/workflows/codeql.yml:analyze/language:python,Python,runtime/tools/mutation_fs.py,true,""
.github/workflows/codeql.yml:analyze/language:python,Python,runtime/governance/law_evolution_certificate.py,true,""
.github/workflows/codeql.yml:analyze/language:python,Python,adaad/agents/invariants.py,true,""
.github/workflows/codeql.yml:analyze/language:python,Python,onboard.py,true,""
.github/workflows/codeql.yml:analyze/language:python,Python,evolution/__init__.py,true,""
.github/workflows/codeql.yml:analyze/language:python,Python,tests/evolution/test_entropy_policy_enforcement.py,true,""
.github/workflows/codeql.yml:analyze/language:python,Python,tests/evolution/test_fitness_weights_contract.py,true,""
.github/workflows/codeql.yml:analyze/language:python,Python,runtime/governance/federation/tests/test_coherence_validator.py,true,""
.github/workflows/codeql.yml:analyze/language:python,Python,runtime/autonomy/penalty_adaptor.py,true,""
.github/workflows/codeql.yml:analyze/language:python,Python,adaad/agents/__init__.py,true,""
.github/workflows/codeql.yml:analyze/language:python,Python,archives/adad_core/eval/iq_tasks.py,true,""
.github/workflows/codeql.yml:analyze/language:python,Python,tests/governance/test_epoch_simulator.py,true,""
.github/workflows/codeql.yml:analyze/language:python,Python,tests/governance/federation/test_federated_amendment.py,true,""
.github/workflows/codeql.yml:analyze/language:python,Python,tests/test_evolution_audit_grade.py,true,""
.github/workflows/codeql.yml:analyze/language:python,Python,tests/test_non_stationarity_detector.py,true,""
.github/workflows/codeql.yml:analyze/language:python,Python,runtime/economic/ingestion.py,true,""
.github/workflows/codeql.yml:analyze/language:python,Python,runtime/integrations/github_webhook_handler.py,true,""
.github/workflows/codeql.yml:analyze/language:python,Python,runtime/mutation/code_intel/mutation_history.py,true,""
.github/workflows/codeql.yml:analyze/language:python,Python,tests/sandbox/test_sandbox_executor.py,true,""
.github/workflows/codeql.yml:analyze/language:python,Python,runtime/sandbox/syscall_filter.py,true,""
.github/workflows/codeql.yml:analyze/language:python,Python,runtime/sandbox/policy.py,true,""
.github/workflows/codeql.yml:analyze/language:python,Python,runtime/evolution/scoring_ledger.py,true,""
.github/workflows/codeql.yml:analyze/language:python,Python,adaad/tools/__init__.py,true,""
.github/workflows/codeql.yml:analyze/language:python,Python,tests/test_governance_foundation.py,true,""
.github/workflows/codeql.yml:analyze/language:python,Python,tests/state/test_versionedstore.py,true,""
.github/workflows/codeql.yml:analyze/language:python,Python,tests/sandbox/test_sandbox_evidence.py,true,""
.github/workflows/codeql.yml:analyze/language:python,Python,adaad/core/cryovant.py,true,""
.github/workflows/codeql.yml:analyze/language:python,Python,security/ledger/journal.py,true,""
.github/workflows/codeql.yml:analyze/language:python,Python,tests/mcp/test_rejection_explainer.py,true,""
.github/workflows/codeql.yml:analyze/language:python,Python,tests/test_intelligence_proposal_adapter.py,true,""
.github/workflows/codeql.yml:analyze/language:python,Python,tests/governance/test_governance_gate.py,true,""
.github/workflows/codeql.yml:analyze/language:python,Python,tests/sandbox/test_namespace_isolation.py,true,""
.github/workflows/codeql.yml:analyze/language:python,Python,tests/test_branch_protection_policy_workflow.py,true,""
.github/workflows/codeql.yml:analyze/language:python,Python,tools/__init__.py,true,""
.github/workflows/codeql.yml:analyze/language:python,Python,runtime/sandbox/market_driven_profiler.py,true,""
.github/workflows/codeql.yml:analyze/language:python,Python,runtime/sandbox/sandbox_policy.py,true,""
.github/workflows/codeql.yml:analyze/language:python,Python,tests/test_roi_attribution_pipeline.py,true,""
.github/workflows/codeql.yml:analyze/language:python,Python,runtime/report_version.py,true,""
.github/workflows/codeql.yml:analyze/language:python,Python,tests/test_autonomy_public_api_phase20.py,true,""
.github/workflows/codeql.yml:analyze/language:python,Python,runtime/evolution/mutation_credit_ledger.py,true,""
.github/workflows/codeql.yml:analyze/language:python,Python,examples/single-agent-loop/run.py,true,""
.github/workflows/codeql.yml:analyze/language:python,Python,adaad/core/manifest.py,true,""
.github/workflows/codeql.yml:analyze/language:python,Python,adaad/orchestrator/dispatcher.py,true,""
.github/workflows/codeql.yml:analyze/language:python,Python,ui/features/federation_panel.py,true,""
.github/workflows/codeql.yml:analyze/language:python,Python,tests/test_cryovant_ancestry.py,true,""
.github/workflows/codeql.yml:analyze/language:python,Python,tests/test_federation_autonomous.py,true,""
.github/workflows/codeql.yml:analyze/language:python,Python,tests/test_review_pressure_ledger_wiring.py,true,""
.github/workflows/codeql.yml:analyze/language:python,Python,tests/test_cryovant_verify_session_env_behavior.py,true,""
.github/workflows/codeql.yml:analyze/language:python,Python,runtime/evolution/entropy_detector.py,true,""
.github/workflows/codeql.yml:analyze/language:python,Python,runtime/governance/health_aggregator.py,true,""
.github/workflows/codeql.yml:analyze/language:python,Python,runtime/governance/human_approval_gate.py,true,""
.github/workflows/codeql.yml:analyze/language:python,Python,runtime/autonomy/adaptive_budget.py,true,""
.github/workflows/codeql.yml:analyze/language:python,Python,archives/adad_core/runtime/pipeline.py,true,""
.github/workflows/codeql.yml:analyze/language:python,Python,tests/test_autonomy_telemetry_sink.py,true,""
.github/workflows/codeql.yml:analyze/language:python,Python,tests/governance/test_certifier_scan_ledger.py,true,""
.github/workflows/codeql.yml:analyze/language:python,Python,runtime/state/__init__.py,true,""
.github/workflows/codeql.yml:analyze/language:python,Python,runtime/governance/policy_validator.py,true,""
.github/workflows/codeql.yml:analyze/language:python,Python,runtime/memory_adapter.py,true,""
.github/workflows/codeql.yml:analyze/language:python,Python,archives/adad_core/io/health.py,true,""
.github/workflows/codeql.yml:analyze/language:python,Python,tests/test_agm_event_determinism.py,true,""
.github/workflows/codeql.yml:analyze/language:python,Python,tests/test_validate_manifest_inventory.py,true,""
.github/workflows/codeql.yml:analyze/language:python,Python,tests/test_routing_health_endpoint.py,true,""
.github/workflows/codeql.yml:analyze/language:python,Python,tests/governance/test_policy_artifact.py,true,""
.github/workflows/codeql.yml:analyze/language:python,Python,tests/test_key_rotation_status.py,true,""
.github/workflows/codeql.yml:analyze/language:python,Python,tools/verify_replay_attestation_bundle.py,true,""
.github/workflows/codeql.yml:analyze/language:python,Python,runtime/evolution/proposal_engine.py,true,""
.github/workflows/codeql.yml:analyze/language:python,Python,tests/platform/conftest.py,true,""
.github/workflows/codeql.yml:analyze/language:python,Python,tests/governance/test_policy_lifecycle.py,true,""
.github/workflows/codeql.yml:analyze/language:python,Python,tests/governance/test_governance_health_aggregator.py,true,""
.github/workflows/codeql.yml:analyze/language:python,Python,runtime/evolution/checkpoint_events.py,true,""
.github/workflows/codeql.yml:analyze/language:python,Python,runtime/governance/foundation/canonical.py,true,""
.github/workflows/codeql.yml:analyze/language:python,Python,runtime/governance/phase_transition_gate.py,true,""
.github/workflows/codeql.yml:analyze/language:python,Python,adaad/agents/mutation_request.py,true,""
.github/workflows/codeql.yml:analyze/language:python,Python,tests/determinism/test_constitution_policy_determinism.py,true,""
.github/workflows/codeql.yml:analyze/language:python,Python,tests/test_checkpoint_chain_new.py,true,""
.github/workflows/codeql.yml:analyze/language:python,Python,tests/evolution/test_fitness_weight_tuner.py,true,""
.github/workflows/codeql.yml:analyze/language:python,Python,tests/governance/inviolability/test_phase2_lineage_inviolability.py,true,""
.github/workflows/codeql.yml:analyze/language:python,Python,tests/test_mutation_transaction.py,true,""
.github/workflows/codeql.yml:analyze/language:python,Python,runtime/evolution/semantic_diff.py,true,""
.github/workflows/codeql.yml:analyze/language:python,Python,runtime/api/agents.py,true,""
.github/workflows/codeql.yml:analyze/language:python,Python,security/__init__.py,true,""
.github/workflows/codeql.yml:analyze/language:python,Python,tests/formal/test_amendment_state_model.py,true,""
.github/workflows/codeql.yml:analyze/language:python,Python,runtime/evolution/evolution_loop.py,true,""
.github/workflows/codeql.yml:analyze/language:python,Python,runtime/governance/federation/peer_discovery.py,true,""
.github/workflows/codeql.yml:analyze/language:python,Python,runtime/governance/foundation/safe_access.py,true,""
.github/workflows/codeql.yml:analyze/language:python,Python,runtime/governance/deterministic_envelope.py,true,""
.github/workflows/codeql.yml:analyze/language:python,Python,runtime/memory/reward_signal_bridge.py,true,""
.github/workflows/codeql.yml:analyze/language:python,Python,tests/test_telemetry_endpoint.py,true,""
.github/workflows/codeql.yml:analyze/language:python,Python,tests/generated/parsers.py,true,""
.github/workflows/codeql.yml:analyze/language:python,Python,tests/test_ux_tools_smoke.py,true,""
.github/workflows/codeql.yml:analyze/language:python,Python,tests/recovery/test_tier_manager.py,true,""
.github/workflows/codeql.yml:analyze/language:python,Python,tests/test_replay_proof_tamper.py,true,""
.github/workflows/codeql.yml:analyze/language:python,Python,runtime/market/adapters/live_adapters.py,true,""
.github/workflows/codeql.yml:analyze/language:python,Python,runtime/mcp/evolution_pipeline_tools.py,true,""
.github/workflows/codeql.yml:analyze/language:python,Python,tests/security/test_adversarial_scenario_harness.py,true,""
.github/workflows/codeql.yml:analyze/language:python,Python,tests/test_phase22_proposal_hardening.py,true,""
.github/workflows/codeql.yml:analyze/language:python,Python,runtime/state/mutation_job_queue.py,true,""
.github/workflows/codeql.yml:analyze/language:python,Python,runtime/governance/validators/__init__.py,true,""
.github/workflows/codeql.yml:analyze/language:python,Python,app/api/__init__.py,true,""
.github/workflows/codeql.yml:analyze/language:python,Python,tests/test_import_roots.py,true,""
.github/workflows/codeql.yml:analyze/language:python,Python,tests/test_code_mutation_guard.py,true,""
.github/workflows/codeql.yml:analyze/language:python,Python,tests/test_boot_constitution_preflight.py,true,""
.github/workflows/codeql.yml:analyze/language:python,Python,tests/test_routed_decision_telemetry_phase17.py,true,""
.github/workflows/codeql.yml:analyze/language:python,Python,tests/test_validate_phase_sequence_consistency.py,true,""
.github/workflows/codeql.yml:analyze/language:python,Python,tests/memory/test_pr9_03_wiring.py,true,""
.github/workflows/codeql.yml:analyze/language:python,Python,runtime/evolution/mutation_route_optimizer.py,true,""
.github/workflows/codeql.yml:analyze/language:python,Python,tests/governance/contracts/test_governance_contracts.py,true,""
.github/workflows/codeql.yml:analyze/language:python,Python,tests/determinism/test_envelope_concurrency.py,true,""
.github/workflows/codeql.yml:analyze/language:python,Python,tests/market/test_market_fitness_integrator.py,true,""
.github/workflows/codeql.yml:analyze/language:python,Python,archives/adad_core/cryovant/verify.py,true,""
.github/workflows/codeql.yml:analyze/language:python,Python,app/boot_preflight.py,true,""
.github/workflows/codeql.yml:analyze/language:python,Python,tests/test_cryovant_identity.py,true,""
.github/workflows/codeql.yml:analyze/language:python,Python,tests/test_evidence_bundle_federated.py,true,""
.github/workflows/codeql.yml:analyze/language:python,Python,tests/conftest.py,true,""
.github/workflows/codeql.yml:analyze/language:python,Python,app/main.py,true,""
.github/workflows/codeql.yml:analyze/language:python,Python,tests/test_dependency_baseline_guard.py,true,""
.github/workflows/codeql.yml:analyze/language:python,Python,tests/evolution/test_monitor_entropy_health.py,true,""
.github/workflows/codeql.yml:analyze/language:python,Python,tests/test_critique_signal_phase18.py,true,""
.github/workflows/codeql.yml:analyze/language:python,Python,tests/test_phase56_gate_initial_load_fix.py,true,""
.github/workflows/codeql.yml:analyze/language:python,Python,tools/verify_replay_bundle.py,true,""
.github/workflows/codeql.yml:analyze/language:python,Python,runtime/sandbox/isolation.py,true,""
.github/workflows/codeql.yml:analyze/language:python,Python,runtime/boot/__init__.py,true,""
.github/workflows/codeql.yml:analyze/language:python,Python,security/canonical.py,true,""
.github/workflows/codeql.yml:analyze/language:python,Python,runtime/sandbox/fs_rules.py,true,""
.github/workflows/codeql.yml:analyze/language:python,Python,runtime/governance/reviewer_reputation.py,true,""
.github/workflows/codeql.yml:analyze/language:python,Python,runtime/governance/gate_decision_ledger.py,true,""
.github/workflows/codeql.yml:analyze/language:python,Python,runtime/fitness_v2.py,true,""
.github/workflows/codeql.yml:analyze/language:python,Python,governance/foundation/hashing.py,true,""
.github/workflows/codeql.yml:analyze/language:python,Python,evolution/evolution_analytics.py,true,""
.github/workflows/codeql.yml:analyze/language:python,Python,tests/test_readme_alignment_guard.py,true,""
.github/workflows/codeql.yml:analyze/language:python,Python,tests/test_release_orchestration_runner.py,true,""
.github/workflows/codeql.yml:analyze/language:python,Python,tests/sandbox/test_sandbox_policy_enforcement.py,true,""
.github/workflows/codeql.yml:analyze/language:python,Python,runtime/evolution/ledger_pruner.py,true,""
.github/workflows/codeql.yml:analyze/language:python,Python,governance/promotion_gate.py,true,""
.github/workflows/codeql.yml:analyze/language:python,Python,adaad/core/agent_contract.py,true,""
.github/workflows/codeql.yml:analyze/language:python,Python,scripts/validate_test_marker_inventory.py,true,""
.github/workflows/codeql.yml:analyze/language:python,Python,scripts/validate_readme_alignment.py,true,""
.github/workflows/codeql.yml:analyze/language:python,Python,tests/test_mutation_executor_goal_graph_init.py,true,""
.github/workflows/codeql.yml:analyze/language:python,Python,tests/test_goal_graph.py,true,""
.github/workflows/codeql.yml:analyze/language:python,Python,runtime/sandbox/__init__.py,true,""
.github/workflows/codeql.yml:analyze/language:python,Python,ui/features/replay_panel.py,true,""
.github/workflows/codeql.yml:analyze/language:python,Python,tests/mcp/__init__.py,true,""
.github/workflows/codeql.yml:analyze/language:python,Python,tests/test_debt_and_certifier_endpoints.py,true,""
.github/workflows/codeql.yml:analyze/language:python,Python,runtime/constitution.py,true,""
.github/workflows/codeql.yml:analyze/language:python,Python,tests/mcp/test_linting_bridge.py,true,""
.github/workflows/codeql.yml:analyze/language:python,Python,tests/test_evolution_runtime.py,true,""
.github/workflows/codeql.yml:analyze/language:python,Python,tools/lint_import_paths.py,true,""
.github/workflows/codeql.yml:analyze/language:python,Python,runtime/recovery/tier_manager.py,true,""
.github/workflows/codeql.yml:analyze/language:python,Python,runtime/tools/rollback_certificate.py,true,""
.github/workflows/codeql.yml:analyze/language:python,Python,runtime/api/legacy_modes.py,true,""
.github/workflows/codeql.yml:analyze/language:python,Python,runtime/autonomy/mutation_scaffold.py,true,""
.github/workflows/codeql.yml:analyze/language:python,Python,runtime/autonomy/roles.py,true,""
.github/workflows/codeql.yml:analyze/language:python,Python,tests/governance/test_reviewer_reputation.py,true,""
.github/workflows/codeql.yml:analyze/language:python,Python,tests/test_admission_rate_endpoint.py,true,""
.github/workflows/codeql.yml:analyze/language:python,Python,runtime/sandbox/ephemeral_clone.py,true,""
.github/workflows/codeql.yml:analyze/language:python,Python,adaad/agents/discovery.py,true,""
.github/workflows/codeql.yml:analyze/language:python,Python,evolution/evolution_scheduler.py,true,""
.github/workflows/codeql.yml:analyze/language:python,Python,server.py,true,""
.github/workflows/codeql.yml:analyze/language:python,Python,tests/test_phase2_capabilities.py,true,""
.github/workflows/codeql.yml:analyze/language:python,Python,tests/evolution/test_telemetry_audit.py,true,""
.github/workflows/codeql.yml:analyze/language:python,Python,tests/test_strategy_analytics.py,true,""
.github/workflows/codeql.yml:analyze/language:python,Python,tests/architect/test_architect_graph_v1.py,true,""
.github/workflows/codeql.yml:analyze/language:python,Python,runtime/intake/stage_branch_creator.py,true,""
.github/workflows/codeql.yml:analyze/language:python,Python,runtime/evolution/epoch.py,true,""
.github/workflows/codeql.yml:analyze/language:python,Python,archives/adad_core/eval/fitness.py,true,""
.github/workflows/codeql.yml:analyze/language:python,Python,app/root.py,true,""
.github/workflows/codeql.yml:analyze/language:python,Python,tests/test_entropy_integration.py,true,""
.github/workflows/codeql.yml:analyze/language:python,Python,tests/test_replay_version_validator.py,true,""
.github/workflows/codeql.yml:analyze/language:python,Python,tests/test_scoring_ledger.py,true,""
.github/workflows/codeql.yml:analyze/language:python,Python,tests/test_health_payload.py,true,""
.github/workflows/codeql.yml:analyze/language:python,Python,tests/evolution/test_entropy_policy.py,true,""
.github/workflows/codeql.yml:analyze/language:python,Python,tests/evolution/test_mutation_fitness_evaluator_policy.py,true,""
.github/workflows/codeql.yml:analyze/language:python,Python,runtime/autonomy/agent_bandit_selector.py,true,""
.github/workflows/codeql.yml:analyze/language:python,Python,adaad/agents/mutation_strategies.py,true,""
.github/workflows/codeql.yml:analyze/language:python,Python,adaad/agents/base_agent.py,true,""
.github/workflows/codeql.yml:analyze/language:python,Python,tests/acceptance/pr3h/test_pr3h_acceptance.py,true,""
.github/workflows/codeql.yml:analyze/language:python,Python,tests/test_sandbox_injection_hardening.py,true,""
.github/workflows/codeql.yml:analyze/language:python,Python,tests/intake/test_zip_intake.py,true,""
.github/workflows/codeql.yml:analyze/language:python,Python,tests/test_legacy_modes_flag.py,true,""
.github/workflows/codeql.yml:analyze/language:python,Python,tests/test_router_strategy_wire_phase17.py,true,""
.github/workflows/codeql.yml:analyze/language:python,Python,tests/test_pressure_audit_ledger.py,true,""
.github/workflows/codeql.yml:analyze/language:python,Python,tests/test_scoring_hotpath_benchmarks.py,true,""
.github/workflows/codeql.yml:analyze/language:python,Python,runtime/evolution/replay_mode.py,true,""
.github/workflows/codeql.yml:analyze/language:python,Python,scripts/check_workflow_python_version.py,true,""
.github/workflows/codeql.yml:analyze/language:python,Python,tests/evolution/test_lineage_health_wiring.py,true,""
.github/workflows/codeql.yml:analyze/language:python,Python,tests/test_agent_meta.py,true,""
.github/workflows/codeql.yml:analyze/language:python,Python,tests/test_change_classifier.py,true,""
.github/workflows/codeql.yml:analyze/language:python,Python,runtime/market/adapters/__init__.py,true,""
.github/workflows/codeql.yml:analyze/language:python,Python,runtime/evolution/evidence_bundle.py,true,""
.github/workflows/codeql.yml:analyze/language:python,Python,runtime/api/__init__.py,true,""
.github/workflows/codeql.yml:analyze/language:python,Python,security/challenge_store.py,true,""
.github/workflows/codeql.yml:analyze/language:python,Python,tests/test_complexity_delta.py,true,""
.github/workflows/codeql.yml:analyze/language:python,Python,tests/test_entropy_fast_gate.py,true,""
.github/workflows/codeql.yml:analyze/language:python,Python,tests/governance/test_federation_coordination.py,true,""
.github/workflows/codeql.yml:analyze/language:python,Python,runtime/intake/repo_scanner.py,true,""
.github/workflows/codeql.yml:analyze/language:python,Python,runtime/governance/canon_law.py,true,""
.github/workflows/codeql.yml:analyze/language:python,Python,runtime/governance/reviewer_reputation_ledger.py,true,""
.github/workflows/codeql.yml:analyze/language:python,Python,runtime/autonomy/fitness_landscape.py,true,""
.github/workflows/codeql.yml:analyze/language:python,Python,scripts/amend_constitution.py,true,""
.github/workflows/codeql.yml:analyze/language:python,Python,security/promotion_manifests/writer.py,true,""
.github/workflows/codeql.yml:analyze/language:python,Python,tests/test_evolution_infrastructure.py,true,""
.github/workflows/codeql.yml:analyze/language:python,Python,tests/determinism/test_boot_runtime_profile.py,true,""
.github/workflows/codeql.yml:analyze/language:python,Python,tests/governance/test_simulation_isolation.py,true,""
.github/workflows/codeql.yml:analyze/language:python,Python,tests/test_metrics_analysis_determinism.py,true,""
.github/workflows/codeql.yml:analyze/language:python,Python,runtime/evolution/scoring_validator.py,true,""
.github/workflows/codeql.yml:analyze/language:python,Python,adaad/core/tool_contract.py,true,""
.github/workflows/codeql.yml:analyze/language:python,Python,tests/test_server_ws_events.py,true,""
.github/workflows/codeql.yml:analyze/language:python,Python,runtime/governance/federation/tests/test_federation_coordination.py,true,""
.github/workflows/codeql.yml:analyze/language:python,Python,runtime/intelligence/file_telemetry_sink.py,true,""
.github/workflows/codeql.yml:analyze/language:python,Python,adaad/core/logging_config.py,true,""
.github/workflows/codeql.yml:analyze/language:python,Python,adaad/agents/claude_proposal_agent.py,true,""
.github/workflows/codeql.yml:analyze/language:python,Python,core/random_control.py,true,""
.github/workflows/codeql.yml:analyze/language:python,Python,scripts/validate_docs_integrity.py,true,""
.github/workflows/codeql.yml:analyze/language:python,Python,app/simulation_utils.py,true,""
.github/workflows/codeql.yml:analyze/language:python,Python,tests/test_entropy_budget.py,true,""
.github/workflows/codeql.yml:analyze/language:python,Python,tests/evolution/test_proposal_engine_context_signals.py,true,""
.github/workflows/codeql.yml:analyze/language:python,Python,tests/governance/inviolability/test_constitutional_inviolability.py,true,""
.github/workflows/codeql.yml:analyze/language:python,Python,tests/test_admission_status_endpoint.py,true,""
.github/workflows/codeql.yml:analyze/language:python,Python,tools/validate_governance_runbook_refs.py,true,""
.github/workflows/codeql.yml:analyze/language:python,Python,archives/adad_core/cryovant/signer.py,true,""
.github/workflows/codeql.yml:analyze/language:python,Python,tests/test_tool_contract.py,true,""
.github/workflows/codeql.yml:analyze/language:python,Python,tools/formal/amendment_state_model.py,true,""
.github/workflows/codeql.yml:analyze/language:python,Python,runtime/tools/mutation_guard.py,true,""
.github/workflows/codeql.yml:analyze/language:python,Python,runtime/intelligence/proposal_adapter.py,true,""
.github/workflows/codeql.yml:analyze/language:python,Python,adaad/orchestrator/registry.py,true,""
.github/workflows/codeql.yml:analyze/language:python,Python,tests/test_ai_mutation_proposer.py,true,""
.github/workflows/codeql.yml:analyze/language:python,Python,tests/sandbox/test_sandbox_isolation_enforcement.py,true,""
.github/workflows/codeql.yml:analyze/language:python,Python,scripts/validate_adaad_agent_state.py,true,""
.github/workflows/codeql.yml:analyze/language:python,Python,evolution/fitness.py,true,""
.github/workflows/codeql.yml:analyze/language:python,Python,tests/determinism/test_entropy_anomaly_triage_replay.py,true,""
.github/workflows/codeql.yml:analyze/language:python,Python,tests/governance/test_federation_transport_contract.py,true,""
.github/workflows/codeql.yml:analyze/language:python,Python,tests/test_health_pressure_adaptor.py,true,""
.github/workflows/codeql.yml:analyze/language:python,Python,runtime/governance/schema_validator.py,true,""
.github/workflows/codeql.yml:analyze/language:python,Python,ui/__init__.py,true,""
.github/workflows/codeql.yml:analyze/language:python,Python,tests/test_tier_override.py,true,""
.github/workflows/codeql.yml:analyze/language:python,Python,runtime/evolution/entropy_metadata.py,true,""
.github/workflows/codeql.yml:analyze/language:python,Python,runtime/evolution/entropy_fast_gate.py,true,""
.github/workflows/codeql.yml:analyze/language:python,Python,runtime/capability_graph.py,true,""
.github/workflows/codeql.yml:analyze/language:python,Python,runtime/governance/federation/evolution_federation_bridge.py,true,""
.github/workflows/codeql.yml:analyze/language:python,Python,runtime/governance/federation/tests/test_federation_hmac_key_validation.py,true,""
.github/workflows/codeql.yml:analyze/language:python,Python,runtime/governance/federation/proposal_transport_adapter.py,true,""
.github/workflows/codeql.yml:analyze/language:python,Python,tests/test_phase50_federation_consensus.py,true,""
.github/workflows/codeql.yml:analyze/language:python,Python,tests/determinism/test_deterministic_envelope_costs.py,true,""
.github/workflows/codeql.yml:analyze/language:python,Python,tests/platform/test_android_monitor.py,true,""
.github/workflows/codeql.yml:analyze/language:python,Python,tools/profile_entropy_baseline.py,true,""
.github/workflows/codeql.yml:analyze/language:python,Python,runtime/governance/review_pressure.py,true,""
.github/workflows/codeql.yml:analyze/language:python,Python,tests/mcp/test_proposal_queue_tail.py,true,""
.github/workflows/codeql.yml:analyze/language:python,Python,tests/test_beast_mode_projection_inputs.py,true,""
.github/workflows/codeql.yml:analyze/language:python,Python,tests/governance/test_mutation_admission.py,true,""
.github/workflows/codeql.yml:analyze/language:python,Python,runtime/autonomy/proposal_diff_renderer.py,true,""
.github/workflows/codeql.yml:analyze/language:python,Python,scripts/verify_core.py,true,""
.github/workflows/codeql.yml:analyze/language:python,Python,tests/test_real_mutation_cycle.py,true,""
.github/workflows/codeql.yml:analyze/language:python,Python,tests/test_entropy_forecast_and_threat_monitor.py,true,""
.github/workflows/codeql.yml:analyze/language:python,Python,tests/test_routing_health_signal.py,true,""
.github/workflows/codeql.yml:analyze/language:python,Python,runtime/economic/schema.py,true,""
.github/workflows/codeql.yml:analyze/language:python,Python,runtime/evolution/mutation_budget.py,true,""
.github/workflows/codeql.yml:analyze/language:python,Python,runtime/evolution/replay.py,true,""
.github/workflows/codeql.yml:analyze/language:python,Python,runtime/mcp/rejection_explainer.py,true,""
.github/workflows/codeql.yml:analyze/language:python,Python,tests/test_warm_pool.py,true,""
.github/workflows/codeql.yml:analyze/language:python,Python,tests/determinism/test_filesystem_wrapper_migration.py,true,""
.github/workflows/codeql.yml:analyze/language:python,Python,tests/governance/test_reviewer_reputation_ledger.py,true,""
.github/workflows/codeql.yml:analyze/language:python,Python,runtime/governance/federation/__init__.py,true,""
.github/workflows/codeql.yml:analyze/language:python,Python,runtime/governance/amendment_pipeline.py,true,""
.github/workflows/codeql.yml:analyze/language:python,Python,runtime/integrations/github_app_token.py,true,""
.github/workflows/codeql.yml:analyze/language:python,Python,runtime/analysis/__init__.py,true,""
.github/workflows/codeql.yml:analyze/language:python,Python,adaad/core/root.py,true,""
.github/workflows/codeql.yml:analyze/language:python,Python,tests/sandbox/test_sandbox_replay.py,true,""
.github/workflows/codeql.yml:analyze/language:python,Python,tests/test_constitution_doc_version.py,true,""
.github/workflows/codeql.yml:analyze/language:python,Python,tools/epoch_analytics.py,true,""
.github/workflows/codeql.yml:analyze/language:python,Python,runtime/state/migration.py,true,""
.github/workflows/codeql.yml:analyze/language:python,Python,runtime/evolution/fitness.py,true,""
.github/workflows/codeql.yml:analyze/language:python,Python,runtime/evolution/checkpoint.py,true,""
.github/workflows/codeql.yml:analyze/language:python,Python,runtime/governance/validators/resource_bounds.py,true,""
.github/workflows/codeql.yml:analyze/language:python,Python,runtime/governance/threat_scan_ledger.py,true,""
.github/workflows/codeql.yml:analyze/language:python,Python,tests/determinism/test_aponi_governance_determinism.py,true,""
.github/workflows/codeql.yml:analyze/language:python,Python,tests/governance/test_profile_exporter.py,true,""
.github/workflows/codeql.yml:analyze/language:python,Python,runtime/mcp/mutation_analyzer.py,true,""
.github/workflows/codeql.yml:analyze/language:python,Python,runtime/platform/android_monitor.py,true,""
.github/workflows/codeql.yml:analyze/language:python,Python,scripts/validate_manifest_inventory.py,true,""
.github/workflows/codeql.yml:analyze/language:python,Python,scripts/lint_active_docs_dependency_refs.py,true,""
.github/workflows/codeql.yml:analyze/language:python,Python,tests/test_phase23_container_isolation.py,true,""
.github/workflows/codeql.yml:analyze/language:python,Python,tests/test_sync_docs_on_merge.py,true,""
.github/workflows/codeql.yml:analyze/language:python,Python,tests/governance/test_constitution_market_signal_integrity.py,true,""
.github/workflows/codeql.yml:analyze/language:python,Python,tests/test_phase54_aponi_ux.py,true,""
.github/workflows/codeql.yml:analyze/language:python,Python,runtime/timeutils.py,true,""
.github/workflows/codeql.yml:analyze/language:python,Python,runtime/evolution/evidence/__init__.py,true,""
.github/workflows/codeql.yml:analyze/language:python,Python,tests/evolution/test_evidence_bundle.py,true,""
.github/workflows/codeql.yml:analyze/language:python,Python,tests/test_mutation_request_governed_fields.py,true,""
.github/workflows/codeql.yml:analyze/language:python,Python,runtime/evolution/promotion_manifest.py,true,""
.github/workflows/codeql.yml:analyze/language:python,Python,runtime/evolution/metrics_schema.py,true,""
.github/workflows/codeql.yml:analyze/language:python,Python,runtime/governance/pressure_audit_ledger.py,true,""
.github/workflows/codeql.yml:analyze/language:python,Python,runtime/governance/promotion_gate.py,true,""
.github/workflows/codeql.yml:analyze/language:python,Python,runtime/integrations/aponi_sync.py,true,""
.github/workflows/codeql.yml:analyze/language:python,Python,runtime/analysis/impact_predictor.py,true,""
.github/workflows/codeql.yml:analyze/language:python,Python,archives/adad_core/runtime/__init__.py,true,""
.github/workflows/codeql.yml:analyze/language:python,Python,tests/test_market_fitness_bridge.py,true,""
.github/workflows/codeql.yml:analyze/language:python,Python,tests/test_fast_path_api_endpoints.py,true,""
.github/workflows/codeql.yml:analyze/language:python,Python,tests/governance/test_journal_integrity.py,true,""
.github/workflows/codeql.yml:analyze/language:python,Python,tests/governance/test_mutation_risk_scorer.py,true,""
.github/workflows/codeql.yml:analyze/language:python,Python,tests/test_market_driven_profiler.py,true,""
.github/workflows/codeql.yml:analyze/language:python,Python,runtime/recovery/ledger_guardian.py,true,""
.github/workflows/codeql.yml:analyze/language:python,Python,runtime/market/market_signal_adapter.py,true,""
.github/workflows/codeql.yml:analyze/language:python,Python,tests/full_stack_upgrade/test_full_stack_upgrade.py,true,""
.github/workflows/codeql.yml:analyze/language:python,Python,tests/governance/test_aponi_instability_and_policy_simulate.py,true,""
.github/workflows/codeql.yml:analyze/language:python,Python,runtime/fitness.py,true,""
.github/workflows/codeql.yml:analyze/language:python,Python,runtime/evolution/replay_proof.py,true,""
.github/workflows/codeql.yml:analyze/language:python,Python,runtime/integrity/repo_ledger_sync.py,true,""
.github/workflows/codeql.yml:analyze/language:python,Python,runtime/governance/federation/key_registry.py,true,""
.github/workflows/codeql.yml:analyze/language:python,Python,runtime/capabilities.py,true,""
.github/workflows/codeql.yml:analyze/language:python,Python,runtime/manifest/validator.py,true,""
.github/workflows/codeql.yml:analyze/language:python,Python,tests/test_founders_law_policy.py,true,""
.github/workflows/codeql.yml:analyze/language:python,Python,tests/test_certifier_scans_endpoint.py,true,""
.github/workflows/codeql.yml:analyze/language:python,Python,tests/evolution/test_promotion_evidence_bundle.py,true,""
.github/workflows/codeql.yml:analyze/language:python,Python,tests/test_population_manager.py,true,""
.github/workflows/codeql.yml:analyze/language:python,Python,tests/test_mutation_scaffold_v2.py,true,""
.github/workflows/codeql.yml:analyze/language:python,Python,tests/memory/test_pr9_03.py,true,""
.github/workflows/codeql.yml:analyze/language:python,Python,runtime/boot/artifact_verifier.py,true,""
.github/workflows/codeql.yml:analyze/language:python,Python,evolution/rollback.py,true,""
.github/workflows/codeql.yml:analyze/language:python,Python,tests/test_audit_cli.py,true,""
.github/workflows/codeql.yml:analyze/language:python,Python,tests/governance/test_journal_append.py,true,""
.github/workflows/codeql.yml:analyze/language:python,Python,tests/state/test_ledger_store.py,true,""
.github/workflows/codeql.yml:analyze/language:python,Python,runtime/evolution/runtime.py,true,""
.github/workflows/codeql.yml:analyze/language:python,Python,runtime/governance/resource_accounting.py,true,""
.github/workflows/codeql.yml:analyze/language:python,Python,tests/mcp/test_candidate_ranker.py,true,""
.github/workflows/codeql.yml:analyze/language:python,Python,tests/test_evolution_kernel.py,true,""
.github/workflows/codeql.yml:analyze/language:python,Python,tests/sandbox/test_fs_rules.py,true,""
.github/workflows/codeql.yml:analyze/language:python,Python,tests/test_law_evolution_certificate.py,true,""
.github/workflows/codeql.yml:analyze/language:python,Python,governance/foundation/clock.py,true,""
.github/workflows/codeql.yml:analyze/language:python,Python,security/challenge.py,true,""
.github/workflows/codeql.yml:analyze/language:python,Python,tests/test_dna_clone_integrity.py,true,""
.github/workflows/codeql.yml:analyze/language:python,Python,tests/test_impact_predictor.py,true,""
.github/workflows/codeql.yml:analyze/language:python,Python,runtime/evolution/fast_path_scorer.py,true,""
.github/workflows/codeql.yml:analyze/language:python,Python,runtime/mcp/candidate_ranker.py,true,""
.github/workflows/codeql.yml:analyze/language:python,Python,runtime/agents/economy.py,true,""
.github/workflows/codeql.yml:analyze/language:python,Python,runtime/founders_law.py,true,""
.github/workflows/codeql.yml:analyze/language:python,Python,tests/governance/signals/test_phase2_governance_signals.py,true,""
.github/workflows/codeql.yml:analyze/language:python,Python,runtime/governance/foundation/hashing.py,true,""
.github/workflows/codeql.yml:analyze/language:python,Python,runtime/memory/context_filter_chain.py,true,""
.github/workflows/codeql.yml:analyze/language:python,Python,scripts/sync_docs_on_merge.py,true,""
.github/workflows/codeql.yml:analyze/language:python,Python,tests/test_threat_scan_endpoint.py,true,""
.github/workflows/codeql.yml:analyze/language:python,Python,tests/test_rollback_certificate.py,true,""
.github/workflows/codeql.yml:analyze/language:python,Python,tests/governance/signals/test_aponi_governance_signals.py,true,""
.github/workflows/codeql.yml:analyze/language:python,Python,tests/test_admission_enforcement_endpoint.py,true,""
.github/workflows/codeql.yml:analyze/language:python,Python,tools/monitor_entropy_health.py,true,""
.github/workflows/codeql.yml:analyze/language:python,Python,runtime/governance/simulation/constraint_interpreter.py,true,""
.github/workflows/codeql.yml:analyze/language:python,Python,runtime/autonomy/reward_learning.py,true,""
.github/workflows/codeql.yml:analyze/language:python,Python,tests/test_simulation_runner.py,true,""
.github/workflows/codeql.yml:analyze/language:python,Python,tests/test_promotion_state_machine.py,true,""
.github/workflows/codeql.yml:analyze/language:python,Python,tests/test_pressure_history_endpoint.py,true,""
.github/workflows/codeql.yml:analyze/language:python,Python,tests/autonomy/test_reward_learning.py,true,""
.github/workflows/codeql.yml:analyze/language:python,Python,runtime/economic/__init__.py,true,""
.github/workflows/codeql.yml:analyze/language:python,Python,runtime/evolution/checkpoint_registry.py,true,""
.github/workflows/codeql.yml:analyze/language:python,Python,runtime/api/mutation_runtime.py,true,""
.github/workflows/codeql.yml:analyze/language:python,Python,runtime/autonomy/__init__.py,true,""
.github/workflows/codeql.yml:analyze/language:python,Python,scripts/validate_release_hardening_claims.py,true,""
.github/workflows/codeql.yml:analyze/language:python,Python,scripts/validate_pr3h_acceptance.py,true,""
.github/workflows/codeql.yml:analyze/language:python,Python,app/architect_agent.py,true,""
.github/workflows/codeql.yml:analyze/language:python,Python,tests/security/test_redteam_harness.py,true,""
.github/workflows/codeql.yml:analyze/language:python,Python,tests/governance/test_pr_lifecycle_event_contract.py,true,""
.github/workflows/codeql.yml:analyze/language:python,Python,tests/test_adaad_core_primitives.py,true,""
.github/workflows/codeql.yml:analyze/language:python,Python,runtime/fitness_pipeline.py,true,""
.github/workflows/codeql.yml:analyze/language:python,Python,runtime/evolution/lineage_dag.py,true,""
.github/workflows/codeql.yml:analyze/language:python,Python,scripts/orchestrate_release_candidates.py,true,""
.github/workflows/codeql.yml:analyze/language:python,Python,app/replay_verification.py,true,""
.github/workflows/codeql.yml:analyze/language:python,Python,tests/test_runtime_api_lazy_imports.py,true,""
.github/workflows/codeql.yml:analyze/language:python,Python,tests/test_cryovant_dev_signatures.py,true,""
.github/workflows/codeql.yml:analyze/language:python,Python,tests/memory/test_soulbound_pr901.py,true,""
.github/workflows/codeql.yml:analyze/language:python,Python,tests/test_proposal_adapter_phase16.py,true,""
.github/workflows/codeql.yml:analyze/language:python,Python,tests/test_validate_phase_sequence_consistency_regression.py,true,""
.github/workflows/codeql.yml:analyze/language:python,Python,tools/asset_generator.py,true,""
.github/workflows/codeql.yml:analyze/language:python,Python,scripts/migrate_archived_runtime_pipeline.py,true,""
.github/workflows/codeql.yml:analyze/language:python,Python,tests/test_replay_proof.py,true,""
.github/workflows/codeql.yml:analyze/language:python,Python,tests/test_preflight_import_smoke.py,true,""
.github/workflows/codeql.yml:analyze/language:python,Python,tools/lint_determinism.py,true,""
.github/workflows/codeql.yml:analyze/language:python,Python,runtime/evolution/impact.py,true,""
.github/workflows/codeql.yml:analyze/language:python,Python,runtime/autonomy/weight_adaptor.py,true,""
.github/workflows/codeql.yml:analyze/language:python,Python,runtime/intelligence/strategy_analytics.py,true,""
.github/workflows/codeql.yml:analyze/language:python,Python,adaad/agents/architect_governor.py,true,""
.github/workflows/codeql.yml:analyze/language:python,Python,tests/test_evolution_federation_bridge.py,true,""
.github/workflows/codeql.yml:analyze/language:python,Python,tests/evolution/test_proposal_engine_llm.py,true,""
.github/workflows/codeql.yml:analyze/language:python,Python,tests/governance/test_constitution_v040.py,true,""
.github/workflows/codeql.yml:analyze/language:python,Python,tests/test_default_provider_strict_replay.py,true,""
.github/workflows/codeql.yml:analyze/language:python,Python,tools/simulate_governance_harness.py,true,""
.github/workflows/codeql.yml:analyze/language:python,Python,runtime/element_registry.py,true,""
.github/workflows/codeql.yml:analyze/language:python,Python,runtime/import_guard.py,true,""
.github/workflows/codeql.yml:analyze/language:python,Python,runtime/director.py,true,""
.github/workflows/codeql.yml:analyze/language:python,Python,archives/apps/__init__.py,true,""
.github/workflows/codeql.yml:analyze/language:python,Python,app/orchestration/contracts.py,true,""
.github/workflows/codeql.yml:analyze/language:python,Python,tests/test_constitution_v0_6_0.py,true,""
.github/workflows/codeql.yml:analyze/language:python,Python,tests/test_llm_provider.py,true,""
.github/workflows/codeql.yml:analyze/language:python,Python,tools/verify_filesystem_migration.py,true,""
.github/workflows/codeql.yml:analyze/language:python,Python,runtime/intake/scan_rules.py,true,""
.github/workflows/codeql.yml:analyze/language:python,Python,runtime/mcp/server.py,true,""
.github/workflows/codeql.yml:analyze/language:python,Python,runtime/intelligence/router.py,true,""
.github/workflows/codeql.yml:analyze/language:python,Python,scripts/enforce_forensic_retention.py,true,""
.github/workflows/codeql.yml:analyze/language:python,Python,scripts/evaluate_shadow_governance.py,true,""
.github/workflows/codeql.yml:analyze/language:python,Python,tests/test_governance_health_pressure_field.py,true,""
.github/workflows/codeql.yml:analyze/language:python,Python,tests/evolution/test_checkpoint_registry.py,true,""
.github/workflows/codeql.yml:analyze/language:python,Python,tests/governance/test_aponi_log_append.py,true,""
.github/workflows/codeql.yml:analyze/language:python,Python,tests/test_cryovant_env.py,true,""
.github/workflows/codeql.yml:analyze/language:python,Python,tools/run_redteam_harness.py,true,""
.github/workflows/codeql.yml:analyze/language:python,Python,runtime/evolution/fitness_weight_tuner.py,true,""
.github/workflows/codeql.yml:analyze/language:python,Python,tests/generated/adapters.py,true,""
.github/workflows/codeql.yml:analyze/language:python,Python,tests/autonomy/test_evolution_loop_amendment.py,true,""
.github/workflows/codeql.yml:analyze/language:python,Python,runtime/evolution/roi_attribution.py,true,""
.github/workflows/codeql.yml:analyze/language:python,Python,conftest.py,true,""
.github/workflows/codeql.yml:analyze/language:python,Python,adaad/agents/sample_agent/__init__.py,true,""
.github/workflows/codeql.yml:analyze/language:python,Python,adaad/agents/architect_graph_v1.py,true,""
.github/workflows/codeql.yml:analyze/language:python,Python,archives/adad_core/evolve/mutator.py,true,""
.github/workflows/codeql.yml:analyze/language:python,Python,tests/test_orchestration_contracts.py,true,""
.github/workflows/codeql.yml:analyze/language:python,Python,tests/test_phase53_evolution_loop_memory_wiring.py,true,""
.github/workflows/codeql.yml:analyze/language:python,Python,tests/test_dsl_grammar.py,true,""
.github/workflows/codeql.yml:analyze/language:python,Python,runtime/autonomy/epoch_telemetry.py,true,""
.github/workflows/codeql.yml:analyze/language:python,Python,tests/test_lineage_ancestry_validation.py,true,""
.github/workflows/codeql.yml:analyze/language:python,Python,runtime/sandbox/executor.py,true,""
.github/workflows/codeql.yml:analyze/language:python,Python,runtime/governance/admission_tracker.py,true,""
.github/workflows/codeql.yml:analyze/language:python,Python,runtime/mutation/code_intel/hotspot_map.py,true,""
.github/workflows/codeql.yml:analyze/language:python,Python,tests/mcp/test_tools_parity.py,true,""
.github/workflows/codeql.yml:analyze/language:python,Python,tests/test_file_telemetry_sink.py,true,""
.github/workflows/codeql.yml:analyze/language:python,Python,tests/determinism/test_beast_mode_provider_determinism.py,true,""
.github/workflows/codeql.yml:analyze/language:python,Python,runtime/warm_pool.py,true,""
.github/workflows/codeql.yml:analyze/language:python,Python,runtime/mutation/code_intel/function_graph.py,true,""
.github/workflows/codeql.yml:analyze/language:python,Python,runtime/api/orchestration.py,true,""
.github/workflows/codeql.yml:analyze/language:python,Python,runtime/autonomy/epoch_memory_store.py,true,""
.github/workflows/codeql.yml:analyze/language:python,Python,runtime/intelligence/routed_decision_telemetry.py,true,""
.github/workflows/codeql.yml:analyze/language:python,Python,archives/adad_core/__init__.py,true,""
.github/workflows/codeql.yml:analyze/language:python,Python,tests/test_semantic_diff.py,true,""
.github/workflows/codeql.yml:analyze/language:python,Python,tests/test_promotion_events.py,true,""
.github/workflows/codeql.yml:analyze/language:python,Python,tests/determinism/test_scoring_algorithm_determinism.py,true,""
.github/workflows/codeql.yml:analyze/language:python,Python,tests/governance/test_admission_band_enforcer.py,true,""
.github/workflows/codeql.yml:analyze/language:python,Python,tests/autonomy/test_pr11_a_02_wiring.py,true,""
.github/workflows/codeql.yml:analyze/language:python,Python,tools/adaad_audit.py,true,""
.github/workflows/codeql.yml:analyze/language:python,Python,runtime/governance/federation/node_supervisor.py,true,""
.github/workflows/codeql.yml:analyze/language:python,Python,runtime/evolution/economic_fitness.py,true,""
.github/workflows/codeql.yml:analyze/language:python,Python,runtime/governance/mutation_admission.py,true,""
.github/workflows/codeql.yml:analyze/language:python,Python,runtime/governance/admission_audit_ledger.py,true,""
.github/workflows/codeql.yml:analyze/language:python,Python,runtime/intelligence/critique.py,true,""
.github/workflows/codeql.yml:analyze/language:python,Python,onboard_phone.py,true,""
.github/workflows/codeql.yml:analyze/language:python,Python,adaad/agents/agent_template.py,true,""
.github/workflows/codeql.yml:analyze/language:python,Python,tests/test_intelligence_public_api_phase20.py,true,""
.github/workflows/codeql.yml:analyze/language:python,Python,tests/test_epoch_law_transition.py,true,""
.github/workflows/codeql.yml:analyze/language:python,Python,tests/test_governance_health_routing_field.py,true,""
.github/workflows/codeql.yml:analyze/language:python,Python,runtime/evolution/cycle_telemetry.py,true,""
.github/workflows/codeql.yml:analyze/language:python,Python,runtime/governance/simulation/__init__.py,true,""
.github/workflows/codeql.yml:analyze/language:python,Python,adaad/core/__init__.py,true,""
.github/workflows/codeql.yml:analyze/language:python,Python,adaad/orchestrator/bootstrap.py,true,""
.github/workflows/codeql.yml:analyze/language:python,Python,tests/determinism/test_replay_equivalence.py,true,""
.github/workflows/codeql.yml:analyze/language:python,Python,tests/test_mutation_strategies.py,true,""
.github/workflows/codeql.yml:analyze/language:python,Python,runtime/autonomy/scoreboard.py,true,""
.github/workflows/codeql.yml:analyze/language:python,Python,governance/foundation/__init__.py,true,""
.github/workflows/codeql.yml:analyze/language:python,Python,adaad/core/cryovant_identity.py,true,""
.github/workflows/codeql.yml:analyze/language:python,Python,app/orchestration/__init__.py,true,""
.github/workflows/codeql.yml:analyze/language:python,Python,tests/test_phase4_semantic_scoring.py,true,""
.github/workflows/codeql.yml:analyze/language:python,Python,tests/determinism/test_dream_mode_provider_determinism.py,true,""
.github/workflows/codeql.yml:analyze/language:python,Python,tests/governance/test_review_pressure.py,true,""
.github/workflows/codeql.yml:analyze/language:python,Python,runtime/intake/zip_intake.py,true,""
.github/workflows/codeql.yml:analyze/language:python,Python,runtime/sandbox/manifest.py,true,""
.github/workflows/codeql.yml:analyze/language:python,Python,ui/aponi_dashboard.py,true,""
.github/workflows/codeql.yml:analyze/language:python,Python,archives/adad_core/runtime/sandbox.py,true,""
.github/workflows/codeql.yml:analyze/language:python,Python,tests/intake/test_repo_scanner.py,true,""
.github/workflows/codeql.yml:analyze/language:python,Python,tests/test_endpoint_contract_matrix.py,true,""
.github/workflows/codeql.yml:analyze/language:python,Python,tests/test_boot_sanity.py,true,""
.github/workflows/codeql.yml:analyze/language:python,Python,tests/test_policy_signing_scripts.py,true,""
.github/workflows/codeql.yml:analyze/language:python,Python,tests/test_lineage_federation_origin.py,true,""
.github/workflows/codeql.yml:analyze/language:python,Python,adaad/agents/test_subject/__init__.py,true,""
.github/workflows/codeql.yml:analyze/language:python,Python,archives/backend/__init__.py,true,""
.github/workflows/codeql.yml:analyze/language:python,Python,security/key_rotation_attestation.py,true,""
.github/workflows/codeql.yml:analyze/language:python,Python,tests/test_validate_release_hardening_claims.py,true,""
.github/workflows/codeql.yml:analyze/language:python,Python,scripts/verify_critical_artifacts.py,true,""
.github/workflows/codeql.yml:analyze/language:python,Python,tests/test_validate_adaad_agent_state.py,true,""
.github/workflows/codeql.yml:analyze/language:python,Python,tests/test_forensic_retention_script.py,true,""
.github/workflows/codeql.yml:analyze/language:python,Python,tests/test_autonomy_enhancements.py,true,""
.github/workflows/codeql.yml:analyze/language:python,Python,tests/governance/test_threat_scan_ledger.py,true,""
.github/workflows/codeql.yml:analyze/language:python,Python,tests/test_mutation_ledger_endpoint.py,true,""
.github/workflows/codeql.yml:analyze/language:python,Python,runtime/evolution/budget/arbitrator.py,true,""
.github/workflows/codeql.yml:analyze/language:python,Python,adaad/core/health.py,true,""
.github/workflows/codeql.yml:analyze/language:python,Python,scripts/validate_benchmark_deltas.py,true,""
.github/workflows/codeql.yml:analyze/language:python,Python,scripts/validate_phase_sequence_consistency.py,true,""
.github/workflows/codeql.yml:analyze/language:python,Python,tests/test_phase55_aponi_ux_polish.py,true,""
.github/workflows/codeql.yml:analyze/language:python,Python,runtime/tools/execution_contract.py,true,""
.github/workflows/codeql.yml:analyze/language:python,Python,runtime/autonomy/explore_exploit_controller.py,true,""
.github/workflows/codeql.yml:analyze/language:python,Python,security/ledger/append.py,true,""
.github/workflows/codeql.yml:analyze/language:python,Python,tests/test_federation_mutation_broker.py,true,""
.github/workflows/codeql.yml:analyze/language:python,Python,tests/evolution/test_metrics_schema.py,true,""
.github/workflows/codeql.yml:analyze/language:python,Python,tests/governance/contracts/test_coverage_reporter_contracts.py,true,""
.github/workflows/codeql.yml:analyze/language:python,Python,tests/test_senior_optimizations.py,true,""
.github/workflows/codeql.yml:analyze/language:python,Python,tests/test_runtime_import_guard.py,true,""
.github/workflows/codeql.yml:analyze/language:python,Python,runtime/state/mutation_job_transitions.py,true,""
.github/workflows/codeql.yml:analyze/language:python,Python,runtime/sandbox/resources.py,true,""
.github/workflows/codeql.yml:analyze/language:python,Python,app/cli_args.py,true,""
.github/workflows/codeql.yml:analyze/language:python,Python,tests/governance/test_debt_health_signal.py,true,""
.github/workflows/codeql.yml:analyze/language:python,Python,tests/test_metrics_write.py,true,""
.github/workflows/codeql.yml:analyze/language:python,Python,runtime/evolution/replay_verifier.py,true,""
.github/workflows/codeql.yml:analyze/language:python,Python,runtime/governance/federation/tests/test_federation_transport_protocol_security.py,true,""
.github/workflows/codeql.yml:analyze/language:python,Python,runtime/governance/simulation/profile_exporter.py,true,""
.github/workflows/codeql.yml:analyze/language:python,Python,runtime/intelligence/critique_signal.py,true,""
.github/workflows/codeql.yml:analyze/language:python,Python,app/__init__.py,true,""
.github/workflows/codeql.yml:analyze/language:python,Python,tests/test_adaad_v8_integration.py,true,""
.github/workflows/codeql.yml:analyze/language:python,Python,tests/governance/test_ledger_guardian.py,true,""
.github/workflows/codeql.yml:analyze/language:python,Python,tests/test_critique_phase16.py,true,""
.github/workflows/codeql.yml:analyze/language:python,Python,tests/test_lint_import_paths.py,true,""
.github/workflows/codeql.yml:analyze/language:python,Python,runtime/governance/federation/coordination.py,true,""
.github/workflows/codeql.yml:analyze/language:python,Python,runtime/governance/deterministic_filesystem.py,true,""
.github/workflows/codeql.yml:analyze/language:python,Python,runtime/invariants.py,true,""
.github/workflows/codeql.yml:analyze/language:python,Python,nexus_setup.py,true,""
.github/workflows/codeql.yml:analyze/language:python,Python,app/beast_mode_loop.py,true,""
.github/workflows/codeql.yml:analyze/language:python,Python,tests/test_dry_run_simulation.py,true,""
.github/workflows/codeql.yml:analyze/language:python,Python,tests/governance/federation/test_federation_key_registry.py,true,""
.github/workflows/codeql.yml:analyze/language:python,Python,runtime/evolution/checkpoint_verifier.py,true,""
.github/workflows/codeql.yml:analyze/language:python,Python,runtime/governance/pr_lifecycle_event_contract.py,true,""
.github/workflows/codeql.yml:analyze/language:python,Python,runtime/governance/policy_artifact.py,true,""
.github/workflows/codeql.yml:analyze/language:python,Python,runtime/governance/event_taxonomy.py,true,""
.github/workflows/codeql.yml:analyze/language:python,Python,archives/adad_core/cryovant/__init__.py,true,""
.github/workflows/codeql.yml:analyze/language:python,Python,tests/evolution/test_promotion_transitions.py,true,""
.github/workflows/codeql.yml:analyze/language:python,Python,tests/governance/test_federation_protocol_contract.py,true,""
.github/workflows/codeql.yml:analyze/language:python,Python,runtime/evolution/evidence/schemas.py,true,""
.github/workflows/codeql.yml:analyze/language:python,Python,runtime/governance/federation/federated_evidence_matrix.py,true,""
.github/workflows/codeql.yml:analyze/language:python,Python,runtime/governance/simulation/dsl_grammar.py,true,""
.github/workflows/codeql.yml:analyze/language:python,Python,runtime/governance/foundation/__init__.py,true,""
.github/workflows/codeql.yml:analyze/language:python,Python,runtime/governance/amendment.py,true,""
.github/workflows/codeql.yml:analyze/language:python,Python,tests/platform/test_storage_manager.py,true,""
.github/workflows/codeql.yml:analyze/language:python,Python,tests/governance/test_schema_validator.py,true,""
.github/workflows/codeql.yml:analyze/language:python,Python,tests/test_boot_env_validation.py,true,""
.github/workflows/codeql.yml:analyze/language:python,Python,runtime/evolution/promotion_state_machine.py,true,""
.github/workflows/codeql.yml:analyze/language:python,Python,runtime/analysis/redteam_harness.py,true,""
.github/workflows/codeql.yml:analyze/language:python,Python,runtime/mutation/code_intel/code_intel_model.py,true,""
.github/workflows/codeql.yml:analyze/language:python,Python,adaad/orchestrator/__init__.py,true,""
.github/workflows/codeql.yml:analyze/language:python,Python,ui/features/evidence_panel.py,true,""
.github/workflows/codeql.yml:analyze/language:python,Python,fix_import_boundaries.py,true,""
.github/workflows/codeql.yml:analyze/language:python,Python,scripts/validate_architecture_snapshot.py,true,""
.github/workflows/codeql.yml:analyze/language:python,Python,tests/test_scoring_validator.py,true,""
.github/workflows/codeql.yml:analyze/language:python,Python,tests/test_fitness_deterministic.py,true,""
.github/workflows/codeql.yml:analyze/language:python,Python,tests/governance/test_promotion_contract.py,true,""
.github/workflows/codeql.yml:analyze/language:python,Python,tests/state/test_mutation_job_queue.py,true,""
.github/workflows/codeql.yml:analyze/language:python,Python,runtime/evolution/budget/cross_node_arbitrator.py,true,""
.github/workflows/codeql.yml:analyze/language:python,Python,runtime/evolution/simulation_runner.py,true,""
.github/workflows/codeql.yml:analyze/language:python,Python,tests/test_market_fitness_integrator.py,true,""
.github/workflows/codeql.yml:analyze/language:python,Python,tests/test_lint_determinism.py,true,""
.github/workflows/codeql.yml:analyze/language:python,Python,tests/generated/emit_metadata.py,true,""
.github/workflows/codeql.yml:analyze/language:python,Python,tests/test_evolution_governor.py,true,""
.github/workflows/codeql.yml:analyze/language:python,Python,tests/test_beast_promotes_on_threshold.py,true,""
.github/workflows/codeql.yml:analyze/language:python,Python,runtime/evolution/population_manager.py,true,""
.github/workflows/codeql.yml:analyze/language:python,Python,runtime/mcp/__init__.py,true,""
.github/workflows/codeql.yml:analyze/language:python,Python,runtime/preflight.py,true,""
.github/workflows/codeql.yml:analyze/language:python,Python,scripts/validate_simplification_targets.py,true,""
.github/workflows/codeql.yml:analyze/language:python,Python,archives/tests/test_runtime.py,true,""
.github/workflows/codeql.yml:analyze/language:python,Python,tests/mcp/test_mutation_analyzer.py,true,""
.github/workflows/codeql.yml:analyze/language:python,Python,tests/mcp/test_proposal_validator.py,true,""
.github/workflows/codeql.yml:analyze/language:python,Python,tests/test_pr12_gate_ok.py,true,""
.github/workflows/codeql.yml:analyze/language:python,Python,tests/test_lineage_continuity.py,true,""
.github/workflows/codeql.yml:analyze/language:python,Python,tests/test_nexus_setup.py,true,""
.github/workflows/codeql.yml:analyze/language:python,Python,runtime/governance/gate_certifier.py,true,""
.github/workflows/codeql.yml:analyze/language:python,Python,scripts/run_tier0_preflight.py,true,""
.github/workflows/codeql.yml:analyze/language:python,Python,tests/test_seeded_determinism_provider.py,true,""
.github/workflows/codeql.yml:analyze/language:python,Python,tests/generated/test_sandbox_runtime.py,true,""
.github/workflows/codeql.yml:analyze/language:python,Python,runtime/sandbox/network_rules.py,true,""
.github/workflows/codeql.yml:analyze/language:python,Python,runtime/integrity/__init__.py,true,""
.github/workflows/codeql.yml:analyze/language:python,Python,runtime/mcp/proposal_queue.py,true,""
.github/workflows/codeql.yml:analyze/language:python,Python,runtime/governance/simulation/epoch_simulator.py,true,""
.github/workflows/codeql.yml:analyze/language:python,Python,runtime/governance/foundation/clock.py,true,""
.github/workflows/codeql.yml:analyze/language:python,Python,scripts/check_dependency_baseline.py,true,""
.github/workflows/codeql.yml:analyze/language:python,Python,scripts/validate_governance_schemas.py,true,""
.github/workflows/codeql.yml:analyze/language:python,Python,tests/test_validate_release_evidence.py,true,""
.github/workflows/codeql.yml:analyze/language:python,Python,tests/governance/contracts/__init__.py,true,""
.github/workflows/codeql.yml:analyze/language:python,Python,tests/test_mutation_lifecycle.py,true,""
.github/workflows/codeql.yml:analyze/language:python,Python,tools/fix_import_boundaries.py,true,""
.github/workflows/codeql.yml:analyze/language:python,Python,runtime/sandbox/preflight.py,true,""
.github/workflows/codeql.yml:analyze/language:python,Python,runtime/tools/code_mutation_guard.py,true,""
.github/workflows/codeql.yml:analyze/language:python,Python,archives/apps/adad_cli/__init__.py,true,""
.github/workflows/codeql.yml:analyze/language:python,Python,security/ledger/__init__.py,true,""
.github/workflows/codeql.yml:analyze/language:python,Python,tests/test_orchestrator_replay_mode.py,true,""
.github/workflows/codeql.yml:analyze/language:python,Python,tests/generated/__init__.py,true,""
.github/workflows/codeql.yml:analyze/language:python,Python,tests/evolution/test_checkpoint_verifier.py,true,""
.github/workflows/codeql.yml:analyze/language:python,Python,tests/test_shadow_governance_evaluator.py,true,""
.github/workflows/codeql.yml:analyze/language:python,Python,runtime/evolution/__init__.py,true,""
.github/workflows/codeql.yml:analyze/language:python,Python,runtime/evolution/fitness_orchestrator.py,true,""
.github/workflows/codeql.yml:analyze/language:python,Python,security/gatekeeper_protocol.py,true,""
.github/workflows/codeql.yml:analyze/language:python,Python,tests/mcp/test_mcp_server.py,true,""
.github/workflows/codeql.yml:analyze/language:python,Python,tests/test_mutation_guard.py,true,""
.github/workflows/codeql.yml:analyze/language:python,Python,runtime/evolution/replay_service.py,true,""
.github/workflows/codeql.yml:analyze/language:python,Python,runtime/governance/validators/promotion_contract.py,true,""
.github/workflows/codeql.yml:analyze/language:python,Python,ui/features/__init__.py,true,""
.github/workflows/codeql.yml:analyze/language:python,Python,tests/test_aponi_feature_modules_characterization.py,true,""
.github/workflows/codeql.yml:analyze/language:python,Python,tests/test_code_intel_phase58.py,true,""
.github/workflows/codeql.yml:analyze/language:python,Python,tests/test_metrics_analysis_lineage_factory.py,true,""
.github/workflows/codeql.yml:analyze/language:python,Python,tests/evolution/test_entropy_policy_triage.py,true,""
.github/workflows/codeql.yml:analyze/language:python,Python,tests/governance/test_gate_decision_ledger.py,true,""
.github/workflows/codeql.yml:analyze/language:python,Python,tests/governance/test_pr_lifecycle_reviewer_outcome.py,true,""
.github/workflows/codeql.yml:analyze/language:python,Python,tests/test_checkpoint_chain.py,true,""
.github/workflows/codeql.yml:analyze/language:python,Python,tests/test_darwinian_budget.py,true,""
.github/workflows/codeql.yml:analyze/language:python,Python,sandbox/__init__.py,true,""
.github/workflows/codeql.yml:analyze/language:python,Python,app/api/nexus/__init__.py,true,""
.github/workflows/codeql.yml:analyze/language:python,Python,tests/evolution/test_proposal_engine_evolution_wiring.py,true,""
.github/workflows/codeql.yml:analyze/language:python,Python,tests/test_manifest_generation.py,true,""
.github/workflows/codeql.yml:analyze/language:python,Python,tests/test_evidence_viewer.py,true,""
.github/workflows/codeql.yml:analyze/language:python,Python,tests/sandbox/test_syscall_filter.py,true,""
.github/workflows/codeql.yml:analyze/language:python,Python,tests/sandbox/conftest.py,true,""
.github/workflows/codeql.yml:analyze/language:python,Python,runtime/evolution/agm_event.py,true,""
.github/workflows/codeql.yml:analyze/language:python,Python,tests/determinism/test_lineage_v2_streaming.py,true,""
.github/workflows/codeql.yml:analyze/language:python,Python,tests/evolution/test_governance_debt_ledger_wiring.py,true,""
.github/workflows/codeql.yml:analyze/language:python,Python,tests/test_epoch_telemetry.py,true,""
.github/workflows/codeql.yml:analyze/language:python,Python,tools/interactive_onboarding.py,true,""
.github/workflows/codeql.yml:analyze/language:python,Python,runtime/governance/health_pressure_adaptor.py,true,""
.github/workflows/codeql.yml:analyze/language:python,Python,runtime/memory/soulbound_ledger.py,true,""
.github/workflows/codeql.yml:analyze/language:python,Python,scripts/verify_mutation_ledger.py,true,""
.github/workflows/codeql.yml:analyze/language:python,Python,tests/test_adaad_core_and_dispatcher.py,true,""
.github/workflows/codeql.yml:analyze/language:python,Python,tests/test_penalty_adaptor.py,true,""
.github/workflows/codeql.yml:analyze/language:python,Python,tests/test_orchestrator_dispatcher.py,true,""
.github/workflows/codeql.yml:analyze/language:python,Python,runtime/state/ledger_store.py,true,""
.github/workflows/codeql.yml:analyze/language:python,Python,runtime/sandbox/container_health.py,true,""
.github/workflows/codeql.yml:analyze/language:python,Python,runtime/evolution/telemetry_audit.py,true,""
.github/workflows/codeql.yml:analyze/language:python,Python,runtime/evolution/entropy_discipline.py,true,""
.github/workflows/codeql.yml:analyze/language:python,Python,tests/governance/test_decision_pipeline_contract.py,true,""
.github/workflows/codeql.yml:analyze/language:python,Python,archives/adad_core/agents/__init__.py,true,""
.github/workflows/codeql.yml:analyze/language:python,Python,security/cryovant.py,true,""
.github/workflows/codeql.yml:analyze/language:python,Python,tests/determinism/test_replay_runtime_harness.py,true,""
.github/workflows/codeql.yml:analyze/language:python,Python,tests/test_staging_promotion.py,true,""
.github/workflows/codeql.yml:analyze/language:python,Python,tests/test_autonomy_loop_intelligence_phase19.py,true,""
.github/workflows/codeql.yml:analyze/language:python,Python,tools/fitness_weight_tuner_job.py,true,""
.github/workflows/codeql.yml:analyze/language:python,Python,runtime/market/feed_registry.py,true,""
.github/workflows/codeql.yml:analyze/language:python,Python,sandbox/sandbox_executor.py,true,""
.github/workflows/codeql.yml:analyze/language:python,Python,scripts/classify_pr_tier.py,true,""
.github/workflows/codeql.yml:analyze/language:python,Python,archives/adad_core/agents/base_agent.py,true,""
.github/workflows/codeql.yml:analyze/language:python,Python,archives/adad_core/io/__init__.py,true,""
.github/workflows/codeql.yml:analyze/language:python,Python,tests/test_cf_fixes.py,true,""
.github/workflows/codeql.yml:analyze/language:python,Python,tests/market/test_consecutive_synthetic_epochs.py,true,""
.github/workflows/codeql.yml:analyze/language:python,Python,tests/test_mutation_operator_framework.py,true,""
.github/workflows/codeql.yml:analyze/language:python,Python,tests/governance/test_admission_tracker.py,true,""
.github/workflows/codeql.yml:analyze/language:python,Python,evolution/revenue_alignment.py,true,""
.github/workflows/codeql.yml:analyze/language:python,Python,app/mutation_executor.py,true,""
.github/workflows/codeql.yml:analyze/language:python,Python,tests/test_phase52_epoch_memory.py,true,""
.github/workflows/codeql.yml:analyze/language:python,Python,tests/governance/test_governance_debt_ledger.py,true,""
.github/workflows/codeql.yml:analyze/language:python,Python,tests/test_nexus_health_gate_ok.py,true,""
.github/workflows/codeql.yml:analyze/language:python,Python,runtime/evolution/promotion_events.py,true,""
.github/workflows/codeql.yml:analyze/language:python,Python,runtime/evolution/budget/darwinian_pipeline.py,true,""
.github/workflows/codeql.yml:analyze/language:python,Python,runtime/governance/debt_ledger.py,true,""
.github/workflows/codeql.yml:analyze/language:python,Python,tests/governance/test_runtime_governance_adapters.py,true,""
.github/workflows/codeql.yml:analyze/language:python,Python,tests/memory/test_pr9_02.py,true,""
.github/workflows/codeql.yml:analyze/language:python,Python,runtime/evolution/checkpoint_chain.py,true,""
.github/workflows/codeql.yml:analyze/language:python,Python,runtime/mcp/tools_registry.py,true,""
.github/workflows/codeql.yml:analyze/language:python,Python,runtime/agents/__init__.py,true,""
.github/workflows/codeql.yml:analyze/language:python,Python,runtime/governance/review_quality.py,true,""
.github/workflows/codeql.yml:analyze/language:python,Python,runtime/governance/federation/mutation_broker.py,true,""
.github/workflows/codeql.yml:analyze/language:python,Python,runtime/governance/health_service.py,true,""
.github/workflows/codeql.yml:analyze/language:python,Python,scripts/validate_release_evidence.py,true,""
.github/workflows/codeql.yml:analyze/language:python,Python,scripts/check_licenses.py,true,""
.github/workflows/codeql.yml:analyze/language:python,Python,tests/governance/__init__.py,true,""
.github/workflows/codeql.yml:analyze/language:python,Python,tests/test_server_operator_endpoints.py,true,""
.github/workflows/codeql.yml:analyze/language:python,Python,tools/enhanced_cli.py,true,""
.github/workflows/codeql.yml:analyze/language:python,Python,runtime/sandbox/namespace.py,true,""
.github/workflows/codeql.yml:analyze/language:python,Python,runtime/evolution/budget/competition_ledger.py,true,""
.github/workflows/codeql.yml:analyze/language:python,Python,runtime/evolution/mutation_fitness_evaluator.py,true,""
.github/workflows/codeql.yml:analyze/language:python,Python,scripts/check_spdx_headers.py,true,""
.github/workflows/codeql.yml:analyze/language:python,Python,tests/test_server_import_smoke.py,true,""
.github/workflows/codeql.yml:analyze/language:python,Python,tests/test_parallel_gate.py,true,""
.github/workflows/codeql.yml:analyze/language:python,Python,tests/evolution/test_epoch_result_market_fields.py,true,""
.github/workflows/codeql.yml:analyze/language:python,Python,tests/evolution/test_entropy_baseline_profiler.py,true,""
.github/workflows/codeql.yml:analyze/language:python,Python,tests/governance/test_governance_debt_service.py,true,""
.github/workflows/codeql.yml:analyze/language:python,Python,tests/test_mutation_strategy_adapter.py,true,""
.github/workflows/codeql.yml:analyze/language:python,Python,tests/test_invariants.py,true,""
.github/workflows/codeql.yml:analyze/language:python,Python,archives/apps/adad_cli/main.py,true,""
.github/workflows/codeql.yml:analyze/language:python,Python,tests/stability/test_null_guards.py,true,""
.github/workflows/codeql.yml:analyze/language:python,Python,tests/test_weight_adaptor.py,true,""
.github/workflows/codeql.yml:analyze/language:python,Python,runtime/tools/mutation_tx.py,true,""
.github/workflows/codeql.yml:analyze/language:python,Python,runtime/governance/federation/transport.py,true,""
.github/workflows/codeql.yml:analyze/language:python,Python,runtime/governance/decision_pipeline.py,true,""
.github/workflows/codeql.yml:analyze/language:python,Python,runtime/integrations/__init__.py,true,""
.github/workflows/codeql.yml:analyze/language:python,Python,runtime/api/runtime_services.py,true,""
.github/workflows/codeql.yml:analyze/language:python,Python,core/__init__.py,true,""
.github/workflows/codeql.yml:analyze/language:python,Python,archives/adad_core/eval/__init__.py,true,""
.github/workflows/codeql.yml:analyze/language:python,GitHub Actions,.github/workflows/post_merge_doc_sync.yml,true,""
.github/workflows/codeql.yml:analyze/language:python,GitHub Actions,.github/workflows/ci-generated.yml,true,""
.github/workflows/codeql.yml:analyze/language:python,GitHub Actions,.github/workflows/epoch_analytics.yml,true,""
.github/workflows/codeql.yml:analyze/language:python,GitHub Actions,.github/workflows/redteam_nightly.yml,true,""
.github/workflows/codeql.yml:analyze/language:python,GitHub Actions,.github/actions/setup-python-env/action.yml,true,""
.github/workflows/codeql.yml:analyze/language:python,GitHub Actions,.github/workflows/federation_determinism.yml,true,""
.github/workflows/codeql.yml:analyze/language:python,GitHub Actions,.github/workflows/governance_strict_release_gate.yml,true,""
.github/workflows/codeql.yml:analyze/language:python,GitHub Actions,.github/workflows/android-free-release.yml,true,""
.github/workflows/codeql.yml:analyze/language:python,GitHub Actions,.github/workflows/secret_scan.yml,true,""
.github/workflows/codeql.yml:analyze/language:python,GitHub Actions,.github/workflows/branch_protection_check.yml,true,""
.github/workflows/codeql.yml:analyze/language:python,GitHub Actions,.github/workflows/entropy_health.yml,true,""
.github/workflows/codeql.yml:analyze/language:python,GitHub Actions,.github/workflows/ci.yml,true,""
.github/workflows/codeql.yml:analyze/language:python,GitHub Actions,.github/workflows/determinism_lint.yml,true,""
.github/workflows/codeql.yml:analyze/language:python,GitHub Actions,.github/workflows/entropy_baseline.yml,true,""
.github/workflows/codeql.yml:analyze/language:python,GitHub Actions,.github/workflows/codeql.yml,true,""
